Text,Sentiment
"Reflecting on a lifetime of memories, each wrinkle tells a story. Embracing the beauty of aging. #LifeReflections #BeautyInAging ",Positive
 Reflecting on the beauty of nature.                ,Positive
"Facing a defeat in the championship, the boxer reflects on the challenges, vowing to return stronger and more determined in the next bout. ",Positive
Enthusiasm for learning new skills and expanding knowledge.      ,Positive
" Bathed in the glow of inspiration, a creative phoenix rising from the ashes of ordinary thoughts to explore new realms. ",Positive
"Reflecting on life's journey, grateful for the lessons learned. ",Positive
" Hopeful whispers of wind, carrying the promises of a brighter tomorrow, a symphony of optimism in the air of possibilities. ",Positive
 Fulfillment in completing a challenging workout routine.,Positive
Hosted a photography exhibition featuring snapshots of a life well-lived. Every photo has a story to tell. #PhotographyExhibition #SeniorPhotographer ,Positive
 Trying out a new dessert recipe.                   ,Positive
 Excitement for a quiet evening with a good book.        ,Positive
" With empathy as a lantern, wandering through the dark alleys of sorrow, illuminating the path with compassion and care. ",Positive
" Determination as the driving force, propelling me forward on the path to extraordinary achievements. ",Positive
"In the realm of fashion, the designer unveils a collection that tells a story, blending innovation and tradition on the runway of creativity. ",Positive
"Embarked on a road trip to revisit cherished places from the past. Nostalgia, the ultimate travel companion. #RoadTrip #NostalgiaTour ",Positive
 Excitement building up for the upcoming vacation!       ,Positive
"Wandering through the historical streets of Kyoto, each step a journey into the heart of Japan's traditions. ",Positive
"Lost in the maze of curiosity, each twist and turn unveils the treasures of discovery. ",Positive
Attending a school talent show to support classmates. Applauding the diverse talents on display! ,Positive
" Hopeful for a brighter tomorrow, despite challenges.  ",Positive
" Revisiting old memories, feeling a sense of elation. ",Positive
" Facing challenges head-on, a determination that fuels the fire within to achieve the impossible. ",Positive
Intrigued by the symphony of colors in an abstract art exhibition. ,Positive
 Elation after achieving a fitness milestone.         ,Positive
Wonderment at the beauty of a double rainbow after the rain.     ,Positive
Crafting intricate friendship bracelets for the whole squad. Friendship level: Expert weaver! ,Positive
" Embracing the beauty of nature, a moment of contentment. ",Positive
Winning a friendly sports competition against rival schools. Victory celebrations in full swing! ,Positive
 Reflecting on the past and looking ahead.          ,Positive
"Serenading the stars with a heart full of gratitude, a melody of thankfulness. ",Positive
"Taking a stroll in the garden, appreciating the beauty of blooming flowers. Nature's wonders never cease. #GardenWalk #FloralBeauty ",Positive
Dazzled by the elegance of a masquerade ball's dazzling costumes. ,Positive
"Joined the drama club to unleash my inner actor. Lights, camera, action! ",Positive
 Arousal of excitement before a much-awaited trip.    ,Positive
Achieving a personal best in a track and field competition. The thrill of victory and self-improvement! ,Positive
 Pride in accomplishing personal and professional goals.  ,Positive
"In the embrace of love, each heartbeat is a melody, dancing to the rhythm of affection. ",Positive
"At a U2 concert, the anthemic chords of 'With or Without You' create a timeless moment of connection. ",Positive
 Compassion in volunteering for a local charity.       ,Positive
 The victory of our team brought euphoria to the city. ,Positive
Exploring the world of digital art. It's never too late to discover new passions. #DigitalArtistry #LateBloomer ,Positive
 Elation after a surprise reunion with old friends.    ,Positive
" Confident strides in the dance of life, a ballroom where self-assuredness leads, twirling through challenges with grace. ",Positive
 Calmness prevails as I practice mindfulness.            ,Positive
" Playfully dancing in the rain of laughter, a whimsical spirit twirling in the puddles of joy and lightheartedness. ",Positive
 Kindness witnessed today restores my faith in humanity.  ,Positive
 Witnessed an act of kindness that made my day.          ,Positive
Whispers of inspiration from the rustling leaves in a serene forest. ,Positive
Embarking on a mission to find the best burger joint in town. Burger connoisseur: Reporting for duty! ,Positive
"Amazed by the architectural marvels of Petra, each stone telling tales of an ancient civilization. ",Positive
Curiosity awakened by the mysteries of an ancient archaeological site. ,Positive
 Celebrating a friend's birthday tonight! üéÇ       ,Positive
Soaring like a free spirit on the winds of a coastal cliff.        ,Positive
"Experiencing the magic of a Coldplay concert, where 'Fix You' becomes a beacon of hope in the night. ",Positive
"Started learning ballroom dancing, gliding gracefully across the dance floor. Ageless elegance in every step. #BallroomDancing #SeniorDancer ",Positive
Danced in the rain to celebrate the end of exams. Rain dance: Unexpectedly refreshing! ,Positive
 Late-night gaming session with friends.            ,Positive
"Participated in a local theater production, proving that the stage belongs to every age. #TheaterProduction #SeniorActor ",Positive
 Just finished a challenging workout routine.       ,Positive
Successfully completing a challenging coding project. Excitement for overcoming coding hurdles! ,Positive
"Swinging to the rhythms of a Frank Sinatra tribute, feeling the timeless charm of 'Fly Me to the Moon'. ",Positive
 Enjoying a beautiful day at the park!              ,Positive
 Quiet evening with a good book.                    ,Positive
Creating a secret handshake with friends. Friendship level: Expert! ,Positive
"Sailing the azure waters of the Maldives, each wave a whisper of serenity in paradise. ",Positive
 Kindness witnessed today restored my faith in humanity. ,Positive
" Embraced by the hopeful dawn, a gardener sowing seeds of optimism, tending to the blooms of a brighter tomorrow. ",Positive
"Joined a writing group, penning down thoughts and reflections. Writing, a journey into the depths of the soul. #WritingGroup #SeniorWriter ",Positive
"Captivated by the historical charm of the Colosseum, each stone echoing tales of gladiator valor. ",Positive
Excitement builds while preparing for a surprise celebration.     ,Positive
"At the summit of Mount Fuji, a breathtaking sunrise that paints the sky with hues of accomplishment. ",Positive
"Joined a seniors' cycling club, feeling the wind in my hair and the freedom of the open road. #CyclingClub #SeniorCyclist ",Positive
 Feeling inspired after attending a workshop.       ,Positive
Attended a concert and danced the night away. Music is the heartbeat of life. #ConcertVibes #DanceAllNight ,Positive
Inspiration strikes while observing the colors of a vibrant sunset.,Positive
"Attended a local jazz festival, tapping toes to the tunes that have stood the test of time. Music, a lifelong love affair. #JazzFestival #SeniorMusicLover ",Positive
 Starting a new fitness challenge tomorrow! üí™     ,Positive
" Floating on clouds of inspiration, an artist painting the sky with strokes of creativity, creating a masterpiece of dreams. ",Positive
Receiving a heartfelt letter from a pen pal in another country. Connecting across the globe! ,Positive
 Reverence for the historical significance of a landmark.,Positive
"Bought a new video game, played for hours, forgot to eat. The ultimate gaming session. #GamerLife #NoFoodGaming ",Positive
"Lost in the enchantment of Disneyland, each ride a journey into the realm of childhood fantasies. ",Positive
Rediscovered childhood cartoons and had a nostalgia-filled marathon. #CartoonNostalgia #TeenMemories ,Positive
 Weekend road trip to explore scenic views.         ,Positive
 Sharing love and positive vibes with everyone! ‚ù§Ô∏è      ,Positive
Trying out a new smoothie recipe for a healthy start to the week. Smoothie enthusiast: Level up! ,Positive
Collaborating on a science project that received recognition at a regional fair. Science triumphs and smiles! ,Positive
" Exploring new horizons with the spark of curiosity, an adventurer in the vast landscape of knowledge. ",Positive
 Serenity found in the pages of a favorite book.        ,Positive
 Pride in achieving a personal milestone.               ,Positive
" Soaring on the wings of a free spirit, unburdened by the chains of conformity, painting the sky with independence. ",Positive
 Coding a new project with enthusiasm.              ,Positive
 Sunday brunch with friends.                        ,Positive
 Overflowing adoration for a cute rescue puppy! üê∂       ,Positive
"Exploring the ancient ruins of Angkor Wat, each stone whispering stories of Khmer civilization. ",Positive
"Participated in a charity run, proving that age is no barrier to supporting meaningful causes. #CharityRun #SeniorRunner ",Positive
 Excited about the upcoming gaming tournament.      ,Positive
 Compassion in action: supporting a local charity event. ,Positive
Trying to set a new trend by juggling textbooks between classes. Academic juggling: A unique skill! ,Positive
 Arousal of excitement for an upcoming festival.       ,Positive
Participating in a school-wide art exhibition. Witnessing creativity and spreading positive vibes! ,Positive
Successfully avoided eye contact with my crush in the hallway. Mission accomplished. #TeenCrush #StealthMode ,Positive
 Gratitude for the support received during tough times. ,Positive
Exploring the universe within during a mindful meditation session. ,Positive
"Engulfed in the aroma of freshly brewed coffee, the writer finds inspiration in every sip, embarking on a journey of creativity and prose. ",Positive
"Joined a nature photography club, capturing the beauty of the great outdoors. Every click is a connection to nature. #NaturePhotography #SeniorPhotographer ",Positive
"Attended a wine tasting event, savoring the richness of flavors that age like fine wine. Cheers to the golden years! #WineTasting #SeniorWineLover ",Positive
Heartfelt gratitude for the laughter shared during a family reunion. ,Positive
 Elation over discovering a hidden gem in the city.   ,Positive
"Attended a classical music concert, feeling the timeless melodies resonate. Music transcends generations. #ClassicalMusic #TimelessMelodies ",Positive
 The new movie release is a must-watch!             ,Positive
 Laughter is the best medicine‚Äîenjoying a comedy show. ,Positive
" Navigating the river of contentment, a serene boat cruise through the tranquil waters of inner peace and acceptance. ",Positive
" Embarking on a journey of discovery, fueled by curiosity and a thirst for knowledge. ",Positive
"Attended a vintage car show, reminiscing about the classics that once ruled the roads. Nostalgia in every rev. #VintageCars #ClassicRides ",Positive
"In the celebration of success, fireworks of accomplishment light up the night sky of triumph. ",Positive
 Celebrating a milestone at work! üéâ               ,Positive
Got my hands on the latest fantasy novel. Diving into realms of magic and adventure! ,Positive
Perfecting the art of creating origami during a dull lecture. Origami mastery: A+! ,Positive
"At the astronomy observatory, the stargazer marvels at the vastness of the cosmos, contemplating the mysteries hidden within the celestial expanse. ",Positive
 Feeling grateful for the little things in life.    ,Positive
 Learning a new language for personal growth.       ,Positive
Attempting to beat the record for the most consecutive cartwheels. Cartwheel challenge: Underway! ,Positive
 Sending love to all my followers on this beautiful day! ‚ù§Ô∏è ,Positive
Hosting a sleepover with friends this weekend. Preparing for a night of laughter and memories! ,Positive
Marveling at the kaleidoscope of colors in a vibrant street market. ,Positive
" A compassionate rain, tears of empathy falling gently, nurturing the seeds of kindness in the garden of human connections. ",Positive
 Admiring the dedication of volunteers at a local charity. ,Positive
 Empowerment through mentoring and guiding others.    ,Positive
"In the carnival of emotions, the rollercoaster of thrill sends the heart on a wild ride. ",Positive
Curiosity piqued by the mysteries of an ancient archaeological site.,Positive
 Practicing mindfulness with meditation.            ,Positive
Thrilled to witness the grandeur of a cultural festival.       ,Positive
Navigating through the challenges with determination.          ,Positive
 Winter sports day at the local park.               ,Positive
 Exploring the city's hidden gems.                  ,Positive
"Daydreaming about the upcoming prom. The dress, the dance ‚Äì it's a fairytale in the making! ",Positive
 Gratitude for the supportive community around me.    ,Positive
Embracing the thrill of speed on a rollercoaster's exhilarating twists. ,Positive
Mastered the art of creating paper airplanes during lecture. Paper planes: Soaring to new heights! ,Positive
 The euphoria of a successful product launch.         ,Positive
 Enthusiasm for a new artistic project in the works.  ,Positive
Joyful laughter resonates through a lively summer carnival.         ,Positive
" Gazing towards the horizon with hopeful eyes, painting a canvas of dreams illuminated by the sun of optimism. ",Positive
Attempting to break the school record for the longest handstand. Wish me luck! ,Positive
"In the cycling world championship, the climber conquers challenging terrains, symbolizing determination and achievement against all odds. ",Positive
Successfully fundraising for a school charity initiative. The joy of giving back to the community! ,Positive
" Striding with confidence, footprints of self-assuredness imprinted on the sands of challenges conquered and victories claimed. ",Positive
" Charting a course through the waves of hopeful anticipation, a sailor steering towards the shores of dreams yet unexplored. ",Positive
Enveloped in serenity while practicing mindfulness by the lake.    ,Positive
"Hosted a 'memory lane' evening with old friends, reminiscing about the adventures that shaped our lives. #MemoryLane #SeniorReminiscing ",Positive
" Seeking serenity in the melody of raindrops, a tranquil escape from the noise of everyday life. ",Positive
"In the tennis grand slam, a fierce rivalry unfolds, captivating fans with a display of skill and sportsmanship on the world stage. ",Positive
"Swaying to Ed Sheeran's acoustic melodies, a serene evening filled with 'Perfect' moments. ",Positive
" Playfully juggling responsibilities, a circus performer balancing the acts of work and joy, tossing laughter into the air. ",Positive
Savoring the warmth of a cup of cocoa on a chilly winter evening.   ,Positive
 Hopeful about the prospects of a new business venture.,Positive
Motivated to achieve fitness goals after an invigorating workout.  ,Positive
" Fueled by curiosity, venturing into uncharted realms, a fearless explorer of the mysteries of the world. ",Positive
"Rocking out at a Guns N' Roses show, the iconic riffs of 'Sweet Child o' Mine' echoing in the night. ",Positive
" Compassionate clouds, heavy with care, showering empathy on the parched grounds of human suffering. ",Positive
"Cheering for the underdog in the basketball finals, the crowd erupts in applause as the team defies odds to claim the championship title. ",Positive
"Standing before the grandeur of the Eiffel Tower, a moment to reflect on the beauty of Parisian dreams. ",Positive
 Empowered to make a difference in my community.        ,Positive
Embarking on a journey of learning a new language. The mind stays young with every new word. #LanguageLearning #NeverTooLate ,Positive
" A playful escapade in the carnival of life, carousel laughter and cotton candy dreams swirling in the joyous atmosphere. ",Positive
"At the Olympics, the athlete's perseverance shines through, earning a gold medal and inspiring a generation with their remarkable achievement. ",Positive
"Embarking on a journey of writing a memoir, documenting a lifetime of experiences. Every story matters. #MemoirWriting #SeniorStories ",Positive
 Excitement for a weekend road trip to explore new places. ,Positive
Spellbound by the elegance of a ballroom dance under crystal chandeliers. ,Positive
Convinced the teacher to have class outdoors. Learning equations with a side of fresh air! ,Positive
"At a Justin Bieber concert, the infectious beats of 'Baby' create a dance floor of unbridled enthusiasm. ",Positive
 Contentment in the embrace of a loved one.           ,Positive
Whispers of inspiration from the rustling leaves in a serene forest. ,Positive
"Dancing on sunshine, each step a celebration of the joy found in simple moments. ",Positive
Satisfaction derived from successfully completing a DIY project.  ,Positive
 Traffic was terrible this morning.                 ,Negative
 Political discussions heating up on the timeline.  ,Negative
 Feeling a bit under the weather today.             ,Negative
 Winter blues got me feeling low.                   ,Negative
 Can't believe the injustice happening in our society.,Negative
 Feeling a sense of fear after watching a thriller movie. ,Negative
 Heartbroken after hearing the news about a natural disaster. ,Negative
 The state of the world's environment is just disgusting. ,Negative
 Disappointed with the service at a local restaurant.    ,Negative
 A bitter experience turned into a valuable lesson.      ,Negative
 A moment of shame for not standing up against injustice. ,Negative
 Fuming with anger after a heated argument.            ,Negative
 The fear of the unknown is keeping me up at night.    ,Negative
 Heartfelt sadness after bidding farewell to a dear friend. ,Negative
 The state of corruption in our society is utterly disgusting. ,Negative
 Disappointed with the lack of progress in a personal project. ,Negative
 Bitter experience at the customer service department.   ,Negative
 A moment of shame for not speaking up against injustice.,Negative
 Feeling bitter about the unfairness in the workplace.   ,Negative
 Shame for not being true to my values in a difficult situation.,Negative
 Suffering from despair after another setback.      ,Negative
" Overwhelmed by grief, missing a loved one dearly.  ",Negative
 Loneliness creeps in as the night grows colder.    ,Negative
 Jealousy consumes me as I witness others' success. ,Negative
 Resentment building up over past betrayals.        ,Negative
 Frustration mounts as obstacles block my path.     ,Negative
" Boredom sets in, the day feels endlessly dull.     ",Negative
" Anxiety grips my heart, worry clouds my thoughts.  ",Negative
 Intimidation by the unknown future ahead.          ,Negative
 Helplessness sinks in as challenges pile up.       ,Negative
 Envy eats away at me as I see others' prosperity.  ,Negative
 Regret over missed opportunities haunts my thoughts.,Negative
 Disgust at the sight of injustice and cruelty.     ,Negative
" Drowning in despair, hope slipping through my fingers.",Negative
" Grief weighs heavy, tears a constant companion.    ",Negative
" Loneliness in a crowded room, a silent cry for connection.",Negative
" Jealousy gnaws at my confidence, a toxic emotion.  ",Negative
" Resentment festers, poisoning relationships.       ",Negative
" Frustration boils over, a volcanic eruption of emotions.",Negative
" Boredom settles like dust, life feels mundane.     ",Negative
" Anxiety grips my chest, a relentless grip on my thoughts.",Negative
" Intimidation by the challenges ahead, fear takes hold.",Negative
" Helplessness engulfs me, drowning in a sea of problems.",Negative
" Envy poisons my thoughts, coveting others' success.",Negative
 Regret for decisions that led to a painful present.,Negative
 Disgust at the corruption that stains society.     ,Negative
" Sinking in despair, each day darker than the last. ",Negative
" Grief overwhelms, a storm of emotions within.      ",Negative
" Loneliness echoes in empty spaces, yearning for connection.",Negative
" Jealousy poisons my thoughts, resentment brewing within.",Negative
" Resentment festers, a wound that refuses to heal.  ",Negative
" Frustration escalates, a thunderstorm of emotions. ",Negative
" Boredom lingers, a stagnant pool of indifference.  ",Negative
" Gazing at the sunset, a melancholic longing for moments that slip through the fingers of time. ",Negative
" Melancholy whispers in the breeze, a silent conversation with the echoes of forgotten dreams. ",Negative
" A melancholic symphony playing in the background, the soundtrack of a wistful heart. ",Negative
" Melancholy painting the world in hues of nostalgia, a canvas of bittersweet memories. ",Negative
" Melancholy as a companion, painting the canvas of life with the brushstrokes of wistful yearning. ",Negative
" Drowning in the abyss of despair, a heart shattered into fragments, lost in the echoing silence of hopelessness. ",Negative
" Bitterness festering like a venomous vine, entwining the soul in a web of resentment, poisoning the garden of peace. ",Negative
" Wandering through the desert of loneliness, each step a heavy sigh, mirages of connection shimmering but never materializing. ",Negative
" Yearning for a touch that's not there, echoes of a distant warmth haunting the heart in the cold embrace of solitude. ",Negative
" Eyes wide open in the night, fearful shadows dancing on the walls, the mind a prisoner of imagined horrors. ",Negative
" Apprehensive steps on the tightrope of uncertainty, a balancing act where the fall seems inevitable, anxiety a constant companion. ",Negative
" Overwhelmed by the weight of the world, Atlas with trembling shoulders, each responsibility a boulder in the landscape of exhaustion. ",Negative
" Jealousy, a green-eyed monster, lurking in the shadows, casting a dark cloud over the sunshine of others' success. ",Negative
" Devastated by the storm of betrayal, the wreckage of trust scattered like debris, a heart torn by the winds of broken promises. ",Negative
" Frustrated fingers tapping on the keyboard, a symphony of annoyance composing an unsolvable puzzle of unmet expectations. ",Negative
" Envious eyes fixated on the gilded prize, a heartache fueled by the painful desire for possessions that seem forever out of reach. ",Negative
" Dismissive glances, a fortress built with indifference, walls impenetrable to the pleas of understanding and recognition. ",Negative
" Shattered dreams lie on the floor like fragments of glass, a mosaic of disappointment crafted by the hands of frustration. ",Negative
" Loneliness, a silent companion in the night, the only echo in the chamber of solitude, a heart's solitary nocturne. ",Negative
" Fearful whispers in the dark, the mind haunted by the specter of the unknown, shadows dancing to the rhythm of anxiety's tune. ",Negative
" Bitterness, a bitter aftertaste lingering on the tongue, each word a reminder of wounds that refuse to heal with the passing of time. ",Negative
" Overwhelmed by the cacophony of expectations, a drowning soul in the tempest of pressure, struggling to stay afloat. ",Negative
" Jealousy, a venom that seeps through the veins, poisoning the heart and turning it into a breeding ground for discontent. ",Negative
" Devastated by the revelation of betrayal, the trust shattered like fragile glass, leaving shards of pain in its wake. ",Negative
" Frustrated attempts to mend a broken connection, the threads of understanding slipping through the fingers like grains of sand. ",Negative
" Envious gazes cast upon the podium of success, a bitter pill swallowed, the taste lingering as a constant reminder of unattained heights. ",Negative
" Dismissive gestures, a curtain drawn to shield the vulnerability, a stage where emotions take a backseat to the performance of indifference. ",Negative
" Despair like a heavy fog, enveloping every thought, blurring the path ahead, a journey in the labyrinth of utter hopelessness. ",Negative
" Bitterness, a bitter chill in the air, freezing moments into icicles of resentment that dangle precariously over the landscape of memory. ",Negative
" Loneliness, a solitary moon in a starless sky, casting a cold glow on the landscape of isolation, where echoes bounce in empty spaces. ",Negative
" Yearning for the warmth of a vanished sun, a heartache painted in the hues of a sunset that never graced the horizon. ",Negative
" Fearful eyes scanning the shadows, a prisoner of the night, terrorized by the lurking monsters born from the mind's darkest corners. ",Negative
" Apprehensive whispers in the wind, a forecast of uncertainty, the mind's weather vane spinning wildly in the storm of doubt. ",Negative
" Overwhelmed by the maze of expectations, a minotaur of pressure lurking in the labyrinth, waiting to devour the spirit of resilience. ",Negative
" Jealousy, a festering wound, the pain intensifying with each glance at the garden of others' achievements, blooming beyond the fence. ",Negative
" Devastated, a heart in ruins, the echoes of shattered dreams reverberating in the chambers, a requiem for what once was whole. ",Negative
" Frustrated attempts to untangle the knot of confusion, the threads of understanding slipping further into the labyrinth of miscommunication. ",Negative
" Envious eyes locked on the treasure chest of opportunities, a heartache fueled by the desire for keys that seem forever elusive. ",Negative
" Dismissive gestures, a curtain drawn to shield the vulnerability, a stage where emotions take a backseat to the performance of indifference. ",Negative
" Shattered dreams lie on the floor like fragments of glass, a mosaic of disappointment crafted by the hands of frustration. ",Negative
" Loneliness, a silent companion in the night, the only echo in the chamber of solitude, a heart's solitary nocturne. ",Negative
Overwhelmed by the support received during a personal challenge.,Negative
Bittersweet emotions arise while bidding farewell to a dear friend. ,Negative
Drowning in sorrow as memories of lost love resurface.            ,Negative
Numbness sets in as the weight of loneliness grows heavier.       ,Negative
"Tears fall like raindrops, mourning the end of a cherished friendship. ",Negative
"Despair clouds the mind, feeling adrift in an endless sea of darkness. ",Negative
"Shattered by betrayal, trust crumbles like fragile glass.          ",Negative
"Aching heart, the symphony of pain plays in the silence of solitude. ",Negative
"Emotional storm, a whirlwind of sadness engulfs every thought.    ",Negative
"Haunted by regrets, the ghost of the past lingers relentlessly.   ",Negative
"Torn apart by grief, the echoes of loss reverberate through the soul. ",Negative
"Isolation deepens, an emotional winter where warmth is but a distant memory. ",Negative
"Soul-crushing disappointment, hopes shattered like fragile glass. ",Negative
"Painful echoes of a love once cherished, now lost in the abyss of time. ",Negative
"Heartache deepens, a solitary journey through the abyss of despair. ",Negative
"Melancholy lingers, a bittersweet serenade in the quietude of solitude. ",Negative
"Bitterness like a poison, seeping into every crevice of the wounded heart. ",Negative
"Emotional exhaustion, the weight of the world crushing weary shoulders. ",Negative
"Sorrowful echoes, a symphony of pain played by the strings of loss. ",Negative
"Darkness descends, engulfing the soul in the shadows of despair.  ",Negative
"Desperation whispers, the silent plea for a glimmer of hope in the abyss. ",Negative
"Heart in ruins, the remnants of shattered dreams scattered in the wind. ",Negative
"Shattered by the echoes of a shattered dream, fragments of hope scattered. ",Negative
"Avoiding the thorns of regret, walking barefoot on the path of remorse. ",Negative
"In the labyrinth of grief, the walls echo with the footsteps of lost joy. ",Negative
"A soul adrift in the sea of solitude, waves of loneliness crashing relentlessly. ",Negative
"The bitterness of betrayal, a taste that lingers, staining the palate of trust. ",Negative
"In the ruins of hope, echoes of shattered dreams whisper tales of loss. ",Negative
"Sinking like a stone in the ocean of heartbreak, each ripple a sigh of despair. ",Negative
"Tears, the ink staining the pages of a journal, a testament to silent grief. ",Negative
"In the wasteland of lost trust, the echoes of broken promises reverberate. ",Negative
"Suffocating in the silence of solitude, where echoes of laughter once thrived. ",Negative
"Haunted by the specter of lost possibilities, a ghost that refuses to fade away. ",Negative
"In the labyrinth of despair, the echoes of a broken heart reverberate endlessly. ",Negative
"Sinking like autumn leaves in the river of sorrow, carried away by the current. ",Negative
"In the garden of broken dreams, petals fall, a silent testimony to shattered hopes. ",Negative
"Tears, the currency of grief, spent in the marketplace of lost love and longing. ",Negative
"Wandering in the maze of betrayal, the walls closing in with every wrong turn. ",Negative
"A soul weathered by the storm of heartbreak, seeking refuge in the calm after. ",Negative
"In the tapestry of despair, threads of hope unravel, leaving a portrait of sorrow. ",Negative
"Like a withered rose in the garden of love, petals fall, a silent surrender to time. ",Negative
"In the void of heartache, echoes of a love song play, each note a pang of longing. ",Negative
"In the symphony of grief, each tear is a note, composing a melancholic melody. ",Negative
"Betrayal, a venomous serpent slithering through the garden of trust, poisoning roots. ",Negative
"Sinking in the quicksand of despair, the harder you fight, the deeper you descend. ",Negative
"Wandering through the cemetery of lost dreams, tombstones marking untold sorrows. ",Negative
"Swept away by the river of regret, the currents of the past refusing to release. ",Negative
"Whispers of lost love linger in the attic of the heart, forgotten but not erased. ",Negative
"In the gallery of broken promises, each shattered vow framed, a painful exhibition. ",Negative
"The echoes of solitude, a silent conversation between a soul and its shadows. ",Negative
"After a series of defeats, the soccer team faces disappointment, struggling to find the silver lining in a challenging season. ",Negative
"In the tennis tournament, a highly anticipated player experiences a setback, leaving fans in shock and questioning the unforeseen turn of events. ",Negative
"In the golf tournament, a missed crucial putt results in defeat, causing the golfer to reflect on the pressure of high-stakes competition. ",Negative
"Despite meticulous training, the swimmer faces disappointment as a split-second miscalculation costs them the lead in a crucial race. ",Negative
"The weightlifter's failed attempt at a personal record results in frustration, highlighting the challenging nature of pushing physical limits. ",Negative
"In the midst of a soccer match, an unexpected own goal creates a moment of despair for the player, as teammates console and encourage them. ",Negative
"Amidst the bustling city, a quiet caf√© becomes a sanctuary for reflection, where a cup of coffee brings solace to the wandering mind. ",Negative
Ran out of snacks during a movie marathon. Crisis level: Emergency! #MovieNightStruggles #TeenProblems ,Negative
Lost my headphones again. How do they vanish into thin air? #HeadphoneMystery #TeenLife ,Negative
"Entered the kitchen with the intention to cook. Left with a bag of chips. Cooking is overrated, anyway. #MasterChefInTraining #TeenHumor ",Negative
Decided to learn a new instrument. Day one: Still trying to figure out how to hold it. #MusicNovice #LearningJourney ,Negative
Reflecting on the challenges of the school year. Feeling a bit overwhelmed with assignments. ,Negative
Encountered some mean-spirited comments online. Dealing with online hate is never easy. ,Negative
Had a bad day at school. Everything seems to be going wrong. ,Negative
Feeling down after not making the sports team. Disappointment lingers. ,Negative
Witnessed a heated argument in the cafeteria. Unpleasant atmosphere at lunch. ,Negative
Received a not-so-great grade on a major project. Academic frustration setting in. ,Negative
Dealing with a personal setback. Sometimes life throws unexpected challenges. ,Negative
Feeling lonely on a Saturday night. Sometimes solitude hits harder than expected. ,Negative
Experiencing cyberbullying. Hateful messages online are disheartening. ,Negative
Caught in a torrential rainstorm without an umbrella. Today's weather is just bad luck. ,Negative
Missing an important event due to unforeseen circumstances. A day filled with sadness. ,Negative
Dealing with unfounded rumors circulating about personal life. Rumors can be hurtful. ,Negative
Got a flat tire on the way to an important meeting. Talk about a series of bad events! ,Negative
Feeling a sense of emptiness after a close friend moves away. Farewells are always sad. ,Negative
Facing rejection from a dream college. Disheartened but determined to explore other paths. ,Negative
Encountering online toxicity during a gaming session. Hateful comments can ruin the fun. ,Negative
Having a bad hair day and feeling self-conscious. Bad hair days can affect confidence. ,Negative
Feeling a sense of despair after a major project failure. Hard work didn't pay off this time. ,Negative
Experiencing hate comments for expressing personal opinions. Online negativity prevails. ,Negative
Having a string of bad luck with constant technology malfunctions. Tech troubles galore! ,Negative
Missing out on a long-anticipated event due to unexpected circumstances. A day filled with sadness. ,Negative
 Trying out a new recipe for dinner tonight.        ,Neutral
 Missing summer vibes and beach days.               ,Neutral
 Technology is changing the way we live.            ,Neutral
 Attending a virtual conference on AI.              ,Neutral
 A surprise gift from a friend made my day!              ,Neutral
 Finding acceptance in the midst of life's challenges.   ,Neutral
 Confusion clouds my mind as I navigate through decisions.,Neutral
 A surprise visit from an old friend brought tears of joy. ,Neutral
 Embracing acceptance of life's ups and downs.           ,Neutral
 Confusion reigns as I try to make sense of recent events.,Neutral
 Reflecting on the beauty of diversity in our world.     ,Neutral
 Confusion surrounds me as I navigate through life's choices. ,Neutral
" Lost in the vast sea of information, an indifferent wave in the digital ocean. ",Neutral
" The complex puzzle of life leaves me in a state of perpetual confusion, seeking answers in the chaos. ",Neutral
" A numbness settles over me, a shield against the overwhelming emotions life throws my way. ",Neutral
" Revisiting old photographs, caught in the embrace of nostalgia's bittersweet symphony. ",Neutral
" Torn between conflicting emotions, an ambivalence that paints my decisions in shades of uncertainty. ",Neutral
" Embracing the ebb and flow of life, finding acceptance in the dance of existence. ",Neutral
" Floating through the day with an air of indifference, detached from the mundane happenings around. ",Neutral
" Entangled in the web of thoughts, confusion reigning as I navigate the labyrinth of ideas. ",Neutral
" Numb to the chaos, emotions locked away, a stoic facade concealing the inner turmoil. ",Neutral
" Stumbling upon an old journal, nostalgia flooding in waves, carrying me to moments long gone. ",Neutral
" A tapestry of conflicting feelings, weaving through uncertainty, caught in the threads of ambivalence. ",Neutral
" Embracing the flaws, finding acceptance in imperfection, a journey towards self-love. ",Neutral
" Drifting through the day with a nonchalant demeanor, embracing the art of indifference. ",Neutral
" Wrestling with thoughts, a perplexed mind lost in the labyrinth of life's complexities. ",Neutral
" Immersed in a state of emotional numbness, a shield against the storm of daily struggles. ",Neutral
" Flipping through the pages of an old yearbook, nostalgia painting smiles and tears on my face. ",Neutral
" Torn between opposing emotions, an ambivalence that colors my decisions with shades of uncertainty. ",Neutral
" Embracing life's imperfections, finding acceptance in the journey, scars and all. ",Neutral
" Indifferent to the noise of the world, a silent observer in the midst of life's cacophony. ",Neutral
" Navigating through the labyrinth of thoughts, confusion a constant companion in the maze of ideas. ",Neutral
" An impenetrable numbness shields me from the emotional storms, a fortress of stoic resilience. ",Neutral
" A journey into the past, flipping through the pages of an old diary, nostalgia taking the lead. ",Neutral
" Ambivalence clouding decisions, caught in the crossroads of conflicting emotions. ",Neutral
" Embracing imperfections, finding acceptance in the mosaic of life's beautiful chaos. ",Neutral
" Drifting through the day with an air of nonchalance, indifferent to the trivialities of life. ",Neutral
" Lost in the labyrinth of thoughts, confusion casting shadows on the quest for clarity. ",Neutral
" Wrapped in the cloak of emotional numbness, a shield against the storms of life's turbulence. ",Neutral
" Leafing through the pages of an old photo album, nostalgia weaving tales of laughter and tears. ",Neutral
" Ambivalence in the air, caught between the crossroads of conflicting emotions and decisions. ",Neutral
" Embracing the beauty in imperfections, finding acceptance in the mosaic of life's unpredictable art. ",Neutral
"Wrapped in the cloak of emotional numbness, a shield against the storms of life's turbulence. ",Neutral
" In the embrace of the autumn breeze, leaves of ambivalence dancing in a waltz between choices and uncertainties. ",Neutral
Nostalgia hits while flipping through an old photo album.     ,Neutral
Contemplating life's mysteries under the starry night sky.         ,Neutral
Nostalgic memories flood in while revisiting childhood favorites. ,Neutral
Surprise and delight at discovering a hidden gem in the city.    ,Neutral
Harmony resonates as musicians play a melody of unity and togetherness. ,Neutral
A burst of creativity in the quiet solitude of an artist's studio.  ,Neutral
A sense of wonder at the vastness of the cosmos on a stargazing night. ,Neutral
Harmony resonates as musicians play a symphony of unity.           ,Neutral
Awe-inspired by the vastness of the cosmos on a stargazing night.   ,Neutral
Drenched in nostalgia while flipping through an old family photo album. ,Neutral
"Nostalgia, a bittersweet dance in the moonlit ballroom of cherished memories. ",Neutral
"A surprise gift, wrapped in anticipation, unfolds a moment of delight and wonder. ",Neutral
"In the midst of the Amazon rainforest, a symphony of wildlife creates an orchestra of nature's wonders. ",Neutral
"At the front row of Adele's concert, each note of 'Someone Like You' resonates with soul-stirring emotion. ",Neutral
"Rocking out to the guitar solos at a Queen tribute concert, a journey back in time with Freddie's spirit. ",Neutral
"In the spotlight at a Lady Gaga show, each costume change is a metamorphosis of creativity and artistry. ",Neutral
"Immersed in the soulful melodies of Adele, tears flow freely, moved by the emotion of 'Hello'. ",Neutral
"Swaying to the reggae vibes of Bob Marley's tribute concert, each chord a journey to Jamaica's soul. ",Neutral
"As the credits roll, a profound sense of nostalgia washes over, reminiscent of cherished moments in classic films. ",Neutral
"Watching a heartwarming family drama, tears flow freely as the characters overcome challenges, leaving the viewer with a warm glow. ",Neutral
"As the movie credits roll, the viewer experiences a mix of awe and contemplation, pondering the deeper meanings woven into the storyline. ",Neutral
"Binge-watching a thrilling crime series, the suspense keeps the viewer on the edge of their seat, creating a rush of adrenaline. ",Neutral
"In the midst of a cycling race, a tire blowout leads to frustration for the cyclist, who valiantly tries to overcome the unexpected obstacle. ",Neutral
"The gymnast's unexpected fall during a routine sparks a wave of sympathy from the audience, highlighting the vulnerability of sports. ",Neutral
"Experiencing a series of losses in the basketball season, the team grapples with frustration, determined to turn the tide with renewed effort. ",Neutral
"Exploring the vibrant street art of a cultural neighborhood, each mural tells a story, infusing the city with creativity and expression. ",Neutral
"In the world of science, a breakthrough discovery unfolds, pushing the boundaries of knowledge and opening new frontiers of exploration. ",Neutral
"Connecting with the melody of a live orchestra, the music enthusiast experiences a symphony that resonates deep within the soul. ",Neutral
Decided to study for exams but ended up making memes about studying instead. Procrastination level: Expert. #ProcrastinationNation #TeenConfessions ,Neutral
"Got dressed for the day, then remembered it's Saturday. Oops. #WeekendVibes #TeenStruggles ",Neutral
"Staring at the clock in class, waiting for the bell to ring like it's the most exciting event of the day. #ClassCountdown #TeenLife ",Neutral
"Survived a challenging physics exam. Equations, you won't defeat me! ",Neutral
"Accidentally spilled paint in art class. Abstract art, right? #ArtClassAdventures #HighSchoolArtist ",Neutral
Sneaking snacks into class like a pro. The art of snack-smuggling is a sacred skill! ,Neutral
"Spent hours on a TikTok dance, only to realize I have two left feet. Dance fail: Unleashed! ",Neutral
Accidentally liked my crush's old photo while stalking their profile. Awkward level: Maximum! ,Neutral
Tried to impress my crush with a smooth conversation. Ended up spilling my drink. Smooth level: Nonexistent! ,Neutral
Hiding a snack stash in my backpack for emergency cravings. Snack ninja mode: Activated! ,Neutral
Accidentally sent a text meant for a friend to the class group chat. Texting fail: Oops moment! ,Neutral
Tried a magic trick to impress classmates. Magic fail: Where did that rabbit go? ,Neutral
Accidentally sent a love letter to the wrong person. Love note fail: Maximum embarrassment! ,Neutral
Accidentally walked into the wrong classroom on the first day. Classroom mix-up: Awkward start! ,Neutral
Trying out a new study technique for upcoming exams. Exploring different learning strategies. ,Neutral
Organizing a community cleanup event for a cleaner neighborhood. Promoting environmental awareness. ,Neutral
Sharing favorite book recommendations with classmates. Building a mini book club. ,Neutral
Experimenting with a new recipe for a school bake sale. Baking adventures in the kitchen. ,Neutral
Collaborating on a school project with peers. Teamwork makes the dream work. ,Neutral
Attending a school club meeting to explore new interests. Dabbling in extracurricular activities. ,Neutral
Exploring a new part-time job opportunity for gaining work experience. Career development in progress. ,Neutral
Attending a school assembly to stay informed about upcoming events and announcements. Staying connected with school activities. ,Neutral
Exploring a new hobby of photography during free time. Capturing moments through a lens. ,Neutral
Participating in a science fair to showcase a unique experiment. Sharing knowledge with peers. ,Neutral
Attending a workshop on time management to enhance organizational skills. Striving for efficiency. ,Neutral
Volunteering at a local charity event to give back to the community. Contributing to social causes. ,Neutral
Collaborating on a group project to promote teamwork and shared responsibilities. Group effort in action. ,Neutral
Participating in a debate club to enhance critical thinking and communication skills. Intellectual engagement in progress. ,Neutral
